--
-- Script was generated by Devart dbForge Studio for MySQL, Version 9.2.105.0
-- Product home page: http://www.devart.com/dbforge/mysql/studio
-- Script date 2024. 10. 10. 10:13:59
-- Server version: 8.4.0
-- Client version: 4.1
--

-- 
-- Disable foreign keys
-- 
/*!40014 SET @OLD_FOREIGN_KEY_CHECKS=@@FOREIGN_KEY_CHECKS, FOREIGN_KEY_CHECKS=0 */;

-- 
-- Set SQL mode
-- 
/*!40101 SET @OLD_SQL_MODE=@@SQL_MODE, SQL_MODE='NO_AUTO_VALUE_ON_ZERO' */;

-- 
-- Set character set the client will use to send SQL statements to the server
--
SET NAMES 'utf8mb4';

--
-- Set default database
--
USE auto_adatbázis;

--
-- Drop table `autók`
--
DROP TABLE IF EXISTS autók;

--
-- Drop table `eladók`
--
DROP TABLE IF EXISTS eladók;

--
-- Drop table `használat`
--
DROP TABLE IF EXISTS használat;

--
-- Drop table `modellek`
--
DROP TABLE IF EXISTS modellek;

--
-- Drop table `motorspecifikációk`
--
DROP TABLE IF EXISTS motorspecifikációk;

--
-- Drop table `motortípusok`
--
DROP TABLE IF EXISTS motortípusok;

--
-- Drop table `márkák`
--
DROP TABLE IF EXISTS márkák;

--
-- Drop table `sebességváltók`
--
DROP TABLE IF EXISTS sebességváltók;

--
-- Drop table `színek`
--
DROP TABLE IF EXISTS színek;

--
-- Set default database
--
USE auto_adatbázis;

--
-- Create table `színek`
--
CREATE TABLE színek (
  `Szín azonosító` INT NOT NULL,
  Szín VARCHAR(15) DEFAULT NULL,
  PRIMARY KEY (`Szín azonosító`)
)
ENGINE = INNODB,
AVG_ROW_LENGTH = 1638,
CHARACTER SET utf8mb4,
COLLATE utf8mb4_hungarian_ci,
ROW_FORMAT = DYNAMIC;

--
-- Create table `sebességváltók`
--
CREATE TABLE sebességváltók (
  `Sebességváltó azonosító` INT NOT NULL,
  Sebességváltó VARCHAR(15) DEFAULT NULL,
  PRIMARY KEY (`Sebességváltó azonosító`)
)
ENGINE = INNODB,
AVG_ROW_LENGTH = 8192,
CHARACTER SET utf8mb4,
COLLATE utf8mb4_hungarian_ci,
ROW_FORMAT = DYNAMIC;

--
-- Create table `márkák`
--
CREATE TABLE márkák (
  `Márka azonosító` INT NOT NULL,
  Márka VARCHAR(20) DEFAULT NULL,
  PRIMARY KEY (`Márka azonosító`)
)
ENGINE = INNODB,
AVG_ROW_LENGTH = 3276,
CHARACTER SET utf8mb4,
COLLATE utf8mb4_hungarian_ci,
ROW_FORMAT = DYNAMIC;

--
-- Create table `motortípusok`
--
CREATE TABLE motortípusok (
  `Motortípus azonosító` INT NOT NULL,
  Motortípus VARCHAR(20) DEFAULT NULL,
  PRIMARY KEY (`Motortípus azonosító`)
)
ENGINE = INNODB,
AVG_ROW_LENGTH = 4096,
CHARACTER SET utf8mb4,
COLLATE utf8mb4_hungarian_ci,
ROW_FORMAT = DYNAMIC;

--
-- Create table `motorspecifikációk`
--
CREATE TABLE motorspecifikációk (
  `Motorspecifikáció azonosító` INT NOT NULL,
  Motorspecifikáció VARCHAR(30) DEFAULT NULL,
  `Motortípus azonosító` INT DEFAULT NULL,
  PRIMARY KEY (`Motorspecifikáció azonosító`)
)
ENGINE = INNODB,
AVG_ROW_LENGTH = 2048,
CHARACTER SET utf8mb4,
COLLATE utf8mb4_hungarian_ci,
ROW_FORMAT = DYNAMIC;

--
-- Create table `modellek`
--
CREATE TABLE modellek (
  `Modell azonosító` INT NOT NULL,
  `Márka azonosító` INT DEFAULT NULL,
  Modell VARCHAR(20) DEFAULT NULL,
  PRIMARY KEY (`Modell azonosító`)
)
ENGINE = INNODB,
AVG_ROW_LENGTH = 1092,
CHARACTER SET utf8mb4,
COLLATE utf8mb4_hungarian_ci,
ROW_FORMAT = DYNAMIC;

--
-- Create table `használat`
--
CREATE TABLE használat (
  `Használat azonosító` INT NOT NULL,
  Használat VARCHAR(15) DEFAULT NULL,
  PRIMARY KEY (`Használat azonosító`)
)
ENGINE = INNODB,
AVG_ROW_LENGTH = 5461,
CHARACTER SET utf8mb4,
COLLATE utf8mb4_hungarian_ci,
ROW_FORMAT = DYNAMIC;

--
-- Create table `eladók`
--
CREATE TABLE eladók (
  `Eladó azonosító` INT NOT NULL,
  Név VARCHAR(25) DEFAULT NULL,
  Telefon VARCHAR(15) DEFAULT NULL,
  Email VARCHAR(30) DEFAULT NULL,
  PRIMARY KEY (`Eladó azonosító`)
)
ENGINE = INNODB,
AVG_ROW_LENGTH = 819,
CHARACTER SET utf8mb4,
COLLATE utf8mb4_hungarian_ci,
ROW_FORMAT = DYNAMIC;

--
-- Create table `autók`
--
CREATE TABLE autók (
  Azonosító INT NOT NULL,
  `10` VARCHAR(50) DEFAULT NULL,
  `Márka ID` INT DEFAULT NULL,
  `Szín ID` INT DEFAULT NULL,
  `Modell ID` INT DEFAULT NULL,
  Évjárat INT DEFAULT NULL,
  `Kilométeróra állás` VARCHAR(15) DEFAULT NULL,
  `Motortípus ID` INT DEFAULT NULL,
  `Motorspecifikáció ID` INT DEFAULT NULL,
  `Használat ID` INT DEFAULT NULL,
  `Sebességváltó ID` INT DEFAULT NULL,
  Ár INT DEFAULT NULL,
  `Eladó ID` INT DEFAULT NULL,
  PRIMARY KEY (Azonosító)
)
ENGINE = INNODB,
AVG_ROW_LENGTH = 327,
CHARACTER SET utf8mb4,
COLLATE utf8mb4_hungarian_ci,
ROW_FORMAT = DYNAMIC;

-- 
-- Dumping data for table színek
--
INSERT INTO színek VALUES
(1, 'Fekete'),
(2, 'Fehér'),
(3, 'Piros'),
(4, 'Kék'),
(5, 'Szürke'),
(6, 'Zöld'),
(7, 'Sárga'),
(8, 'Narancs'),
(9, 'Lila'),
(10, 'Barna');

-- 
-- Dumping data for table sebességváltók
--
INSERT INTO sebességváltók VALUES
(1, 'Automata'),
(2, 'Manuális');

-- 
-- Dumping data for table márkák
--
INSERT INTO márkák VALUES
(1, 'Toyota'),
(2, 'Ford'),
(3, 'Volkswagen'),
(4, 'BMW'),
(5, 'Audi');

-- 
-- Dumping data for table motortípusok
--
INSERT INTO motortípusok VALUES
(1, 'Benzines'),
(2, 'Dízel'),
(3, 'Elektromos'),
(4, 'Hibrid');

-- 
-- Dumping data for table motorspecifikációk
--
INSERT INTO motorspecifikációk VALUES
(1, '2.0L I4', 1),
(2, '3.0L V6', 1),
(3, '2.0L I4', 2),
(4, '3.0L V6', 2),
(5, '300kW', 3),
(6, '400kW', 3),
(7, '1.5L I4 Hybrid', 4),
(8, '2.0L I4 Hybrid', 4);

-- 
-- Dumping data for table modellek
--
INSERT INTO modellek VALUES
(1, 1, 'Corolla'),
(2, 1, 'Camry'),
(3, 1, 'Yaris'),
(4, 2, 'Focus'),
(5, 2, 'Fiesta'),
(6, 2, 'Mustang'),
(7, 3, 'Golf'),
(8, 3, 'Passat'),
(9, 3, 'Polo'),
(10, 4, '3 Series'),
(11, 4, '5 Series'),
(12, 4, 'X5'),
(13, 5, 'A4'),
(14, 5, 'Q5'),
(15, 5, 'A3');

-- 
-- Dumping data for table használat
--
INSERT INTO használat VALUES
(1, 'Város'),
(2, 'Autópálya'),
(3, 'Vegyes');

-- 
-- Dumping data for table eladók
--
INSERT INTO eladók VALUES
(1, 'Kiss László', '06940589125', 'kisslaszlo@email.hu'),
(2, 'Nagy Anna', '6985082486', 'nagyanna@email.hu'),
(3, 'Szabó Béla', '06777775307', 'szabobela@email.hu'),
(4, 'Tóth Katalin', '06079267711', 'tothkatalin@email.hu'),
(5, 'Horváth Gábor', '06734699096', 'horvathgabor@email.hu'),
(6, 'Varga Erzsébet', '06567449405', 'vargaerzsebet@email.hu'),
(7, 'Kovács Péter', '06081550665', 'kovacspeter@email.hu'),
(8, 'Molnár Zsófia', '06002042850', 'molnarzsofia@email.hu'),
(9, 'Németh István', '06667708331', 'nemethistvan@email.hu'),
(10, 'Farkas Anikó', '06235702264', 'farkasaniko@email.hu'),
(11, 'Balogh Ferenc', '06526032899', 'baloghferenc@email.hu'),
(12, 'Simon Andrea', '06607623014', 'simonandrea@email.hu'),
(13, 'Lukács János', '06737497459', 'lukacsjanos@email.hu'),
(14, 'Nagy Zoltán', '06135030268', 'nagyzoltan@email.hu'),
(15, 'Kiss Éva', '06372780358', 'kisseva@email.hu'),
(16, 'Tóth Tamás', '06134449675', 'tothtamas@email.hu'),
(17, 'Molnár Attila', '06892692669', 'molnarattila@email.hu'),
(18, 'Fekete Ildikó', '06163886024', 'feketeildiko@email.hu'),
(19, 'Varga László', '06216916429', 'vargalaszlo@email.hu'),
(20, 'Németh Gergely', '06939736108', 'nemethgergely@email.hu');

-- 
-- Dumping data for table autók
--
INSERT INTO autók VALUES
(1, 'ONEP-577', 3, 7, 1, 2012, '294038 km', 1, 1, 1, 2, 8880203, 20),
(2, 'CJRR-818', 3, 8, 8, 2020, '193550 km', 2, 4, 1, 1, 84360459, 9),
(3, 'BFSJ-549', 1, 7, 3, 2011, '245741 km', 1, 1, 2, 1, 57064519, 14),
(4, 'ACVQ-424', 3, 2, 10, 2011, '156005 km', 1, 2, 3, 1, 84410641, 19),
(5, 'ZYHV-660', 4, 3, 1, 2001, '73855 km', 4, 8, 1, 1, 15879696, 1),
(6, 'MPUT-129', 3, 7, 4, 2015, '66851 km', 4, 8, 2, 1, 66730580, 11),
(7, 'QSTU-245', 2, 8, 14, 2022, '175554 km', 4, 7, 2, 1, 13882929, 11),
(8, 'UALV-477', 1, 10, 8, 2013, '75874 km', 3, 5, 3, 2, 19283328, 2),
(9, 'YCFW-444', 2, 2, 12, 2012, '259704 km', 4, 7, 3, 1, 79475779, 5),
(10, 'RGHI-479', 3, 2, 11, 2011, '274426 km', 2, 4, 3, 1, 40679224, 3),
(11, 'XXBG-478', 4, 8, 13, 2021, '104484 km', 3, 5, 1, 1, 83184084, 10),
(12, 'EKCZ-702', 2, 3, 7, 2015, '157309 km', 3, 5, 1, 2, 6362636, 19),
(13, 'ZEGT-780', 3, 3, 8, 2002, '238356 km', 3, 5, 3, 1, 34928059, 14),
(14, 'GWGS-413', 4, 9, 12, 2016, '117892 km', 4, 7, 3, 2, 38016227, 2),
(15, 'GJSN-373', 3, 1, 12, 2018, '47311 km', 2, 4, 3, 1, 30045135, 13),
(16, 'DZOT-890', 5, 10, 12, 2011, '265215 km', 3, 6, 3, 2, 79400446, 11),
(17, 'JUHV-727', 4, 9, 15, 2011, '110205 km', 4, 7, 1, 1, 85476853, 5),
(18, 'ODSD-634', 5, 1, 9, 2003, '110714 km', 3, 6, 2, 1, 64647995, 11),
(19, 'OYLM-498', 3, 9, 12, 2001, '31008 km', 2, 4, 2, 1, 63362310, 13),
(20, 'GJBZ-032', 3, 1, 9, 2016, '171651 km', 1, 1, 1, 2, 10660660, 14),
(21, 'ZBSK-276', 2, 10, 11, 2013, '179540 km', 4, 7, 3, 2, 99326134, 19),
(22, 'ZLKU-028', 3, 3, 8, 2019, '157647 km', 4, 7, 3, 1, 74103773, 14),
(23, 'RIVA-711', 2, 6, 12, 2018, '206719 km', 1, 1, 1, 2, 59775541, 11),
(24, 'VYQO-163', 1, 10, 5, 2012, '273951 km', 1, 2, 1, 2, 83980148, 8),
(25, 'AQHZ-673', 3, 2, 10, 2008, '41576 km', 1, 1, 1, 1, 44146959, 8),
(26, 'UOSQ-595', 3, 2, 7, 2008, '193309 km', 3, 5, 2, 2, 25874584, 10),
(27, 'MOJJ-974', 1, 5, 3, 2010, '93797 km', 4, 7, 2, 2, 83699116, 11),
(28, 'OXHS-987', 5, 5, 14, 2008, '71639 km', 2, 4, 3, 1, 56262549, 10),
(29, 'GJXJ-238', 1, 3, 15, 2013, '255386 km', 4, 8, 1, 1, 29373775, 3),
(30, 'ZKFB-988', 4, 2, 3, 2021, '108063 km', 3, 6, 2, 2, 2949709, 3),
(31, 'XVQV-905', 3, 3, 7, 2019, '241814 km', 4, 7, 2, 1, 94578454, 18),
(32, 'JYJL-539', 3, 10, 1, 2006, '129029 km', 1, 2, 1, 1, 22178951, 17),
(33, 'AHPV-762', 3, 4, 2, 2004, '79122 km', 1, 2, 1, 1, 9844978, 1),
(34, 'CYCN-597', 1, 3, 13, 2010, '30942 km', 4, 7, 3, 2, 30058285, 20),
(35, 'YZMA-196', 3, 9, 5, 2001, '140610 km', 4, 8, 3, 2, 30380986, 18),
(36, 'VGSM-190', 2, 8, 2, 2009, '214442 km', 1, 1, 1, 1, 46588969, 1),
(37, 'VUVU-968', 4, 7, 12, 2009, '287431 km', 2, 3, 2, 2, 17790506, 3),
(38, 'LEZD-328', 3, 10, 6, 2009, '180224 km', 2, 4, 1, 1, 77386686, 20),
(39, 'JHHM-901', 2, 10, 12, 2012, '121930 km', 2, 3, 3, 1, 43052111, 4),
(40, 'YWWG-178', 5, 10, 11, 2010, '194656 km', 3, 5, 1, 1, 60790923, 10),
(41, 'GJRF-097', 3, 10, 14, 2022, '134589 km', 2, 4, 3, 2, 84993149, 9),
(42, 'TZHG-410', 3, 3, 12, 2012, '226453 km', 1, 1, 1, 2, 58910601, 12),
(43, 'UGEL-908', 5, 7, 9, 2001, '19345 km', 4, 8, 3, 2, 32506562, 8),
(44, 'MCXF-192', 3, 7, 2, 2016, '164105 km', 3, 6, 2, 1, 2670569, 9),
(45, 'ALBM-034', 3, 9, 3, 2017, '147574 km', 1, 1, 2, 1, 15943401, 18),
(46, 'XQDV-967', 1, 10, 7, 2006, '50795 km', 2, 3, 2, 2, 33637903, 8),
(47, 'VROM-921', 4, 7, 3, 2010, '80739 km', 1, 2, 1, 2, 74330986, 18),
(48, 'HDLO-694', 2, 9, 12, 2005, '66629 km', 4, 8, 3, 2, 9943449, 8),
(49, 'YVUY-925', 5, 2, 8, 2022, '225164 km', 4, 7, 2, 2, 89818703, 18),
(50, 'UNYH-593', 5, 9, 11, 2017, '71873 km', 1, 2, 3, 2, 99629942, 20);

-- 
-- Restore previous SQL mode
-- 
/*!40101 SET SQL_MODE=@OLD_SQL_MODE */;

-- 
-- Enable foreign keys
-- 
/*!40014 SET FOREIGN_KEY_CHECKS=@OLD_FOREIGN_KEY_CHECKS */;